{"cameraMode":{"drawMode":0,"name":"Shaded","section":"Shading Mode"},"sceneLighting":true,"audioPlay":false,"sceneViewState":{"showFog":true,"showMaterialUpdate":false,"showSkybox":true,"showFlares":true,"showImageEffects":true,"showParticleSystems":true},"in2DMode":false,"pivot":{"x":5.321295261383057,"y":4.522435188293457,"z":-0.9476128220558167},"rotation":{"x":0.2513379454612732,"y":-0.6434240937232971,"z":0.2366926521062851,"w":0.6832359433174133},"size":17.561115264892579,"orthographic":false}