{"cameraMode":{"drawMode":0,"name":"Shaded","section":"Shading Mode"},"sceneLighting":true,"audioPlay":false,"sceneViewState":{"showFog":true,"showMaterialUpdate":false,"showSkybox":true,"showFlares":true,"showImageEffects":true,"showParticleSystems":true},"in2DMode":false,"pivot":{"x":11.381874084472657,"y":7.826984405517578,"z":2.1467642784118654},"rotation":{"x":-0.26725542545318606,"y":0.5941356420516968,"z":-0.2185618281364441,"w":-0.7265040278434753},"size":12.610260963439942,"orthographic":false}