{"cameraMode":{"drawMode":0,"name":"Shaded","section":"Shading Mode"},"sceneLighting":true,"audioPlay":false,"sceneViewState":{"showFog":true,"showMaterialUpdate":false,"showSkybox":true,"showFlares":true,"showImageEffects":true,"showParticleSystems":true},"in2DMode":false,"pivot":{"x":1.1226272583007813,"y":-2.133922576904297,"z":0.7322516441345215},"rotation":{"x":0.18696415424346925,"y":-0.7156912088394165,"z":0.20921191573143006,"w":0.6395787596702576},"size":30.715225219726564,"orthographic":false}