{"cameraMode":{"drawMode":0,"name":"Shaded","section":"Shading Mode"},"sceneLighting":true,"audioPlay":false,"sceneViewState":{"showFog":true,"showMaterialUpdate":false,"showSkybox":true,"showFlares":true,"showImageEffects":true,"showParticleSystems":true},"in2DMode":false,"pivot":{"x":13.796875,"y":-0.259765625,"z":4.8510284423828129},"rotation":{"x":-0.3153345286846161,"y":-0.6376672983169556,"z":0.32182952761650088,"w":-0.6247961521148682},"size":10.822123527526856,"orthographic":true}