{"cameraMode":{"drawMode":0,"name":"Shaded","section":"Shading Mode"},"sceneLighting":true,"audioPlay":false,"sceneViewState":{"showFog":true,"showMaterialUpdate":false,"showSkybox":true,"showFlares":true,"showImageEffects":true,"showParticleSystems":true},"in2DMode":false,"pivot":{"x":-2.5808396339416506,"y":0.48938071727752688,"z":11.147843360900879},"rotation":{"x":0.07005448639392853,"y":-0.10455001890659332,"z":0.007382757030427456,"w":0.9920217394828796},"size":20.8629093170166,"orthographic":false}