{"cameraMode":{"drawMode":0,"name":"Shaded","section":"Shading Mode"},"sceneLighting":true,"audioPlay":false,"sceneViewState":{"showFog":true,"showMaterialUpdate":false,"showSkybox":true,"showFlares":true,"showImageEffects":true,"showParticleSystems":true},"in2DMode":false,"pivot":{"x":9.227628707885743,"y":9.116613388061524,"z":-2.963070869445801},"rotation":{"x":-0.26725542545318606,"y":0.5941356420516968,"z":-0.2185618281364441,"w":-0.7265040278434753},"size":25.157846450805665,"orthographic":false}