{"cameraMode":{"drawMode":0,"name":"Shaded","section":"Shading Mode"},"sceneLighting":true,"audioPlay":false,"sceneViewState":{"showFog":true,"showMaterialUpdate":false,"showSkybox":true,"showFlares":true,"showImageEffects":true,"showParticleSystems":true},"in2DMode":false,"pivot":{"x":0.008007863536477089,"y":0.04578520357608795,"z":-5.335928440093994},"rotation":{"x":0.30567875504493716,"y":0.08696111291646958,"z":-0.028047936037182809,"w":0.9477402567863464},"size":0.10755705833435059,"orthographic":false}