{"cameraMode":{"drawMode":0,"name":"Shaded","section":"Shading Mode"},"sceneLighting":true,"audioPlay":false,"sceneViewState":{"showFog":true,"showMaterialUpdate":false,"showSkybox":true,"showFlares":true,"showImageEffects":true,"showParticleSystems":true},"in2DMode":false,"pivot":{"x":8.494050979614258,"y":2.1801583766937258,"z":-2.4889793395996095},"rotation":{"x":-0.17512798309326173,"y":0.6698375940322876,"z":-0.16711871325969697,"w":-0.701939582824707},"size":7.92087459564209,"orthographic":false}